{
  "task": "transcribe",
  "language": "english",
  "duration": 20,
  "text": "Hi there. People often like the UK because we are a tolerant society. We work against prejudice, or we try to. But did you know that native English speakers struggle with their own language around this topic? Well, it's true. Today, let's talk about...",
  "segments": [
    {
      "id": 0,
      "seek": 0,
      "start": 0.9200000166893005,
      "end": 11.539999961853027,
      "text": " Hi there. People often like the UK because we are a tolerant society. We work against prejudice, or we try to.",
      "tokens": [
        50364,
        2421,
        456,
        13,
        3432,
        2049,
        411,
        264,
        7051,
        570,
        321,
        366,
        257,
        45525,
        4086,
        13,
        492,
        589,
        1970,
        34260,
        11,
        420,
        321,
        853,
        281,
        13,
        50914
      ],
      "temperature": 0,
      "avg_logprob": -0.30812308192253113,
      "compression_ratio": 1.3404254913330078,
      "no_speech_prob": 0.06511028110980988
    },
    {
      "id": 1,
      "seek": 0,
      "start": 11.539999961853027,
      "end": 18.1200008392334,
      "text": " But did you know that native English speakers struggle with their own language around this topic?",
      "tokens": [
        50914,
        583,
        630,
        291,
        458,
        300,
        8470,
        3669,
        9518,
        7799,
        365,
        641,
        1065,
        2856,
        926,
        341,
        4829,
        30,
        51214
      ],
      "temperature": 0,
      "avg_logprob": -0.30812308192253113,
      "compression_ratio": 1.3404254913330078,
      "no_speech_prob": 0.06511028110980988
    },
    {
      "id": 2,
      "seek": 0,
      "start": 18.1200008392334,
      "end": 19.979999542236328,
      "text": " Well, it's true. Today, let's talk about...",
      "tokens": [
        51214,
        1042,
        11,
        309,
        311,
        2074,
        13,
        2692,
        11,
        718,
        311,
        751,
        466,
        485,
        51364
      ],
      "temperature": 0,
      "avg_logprob": -0.30812308192253113,
      "compression_ratio": 1.3404254913330078,
      "no_speech_prob": 0.06511028110980988
    }
  ],
  "words": [
    {
      "word": "Hi",
      "start": 0.9200000166893005,
      "end": 1.600000023841858
    },
    {
      "word": "there",
      "start": 1.600000023841858,
      "end": 2.059999942779541
    },
    {
      "word": "People",
      "start": 2.9000000953674316,
      "end": 3.119999885559082
    },
    {
      "word": "often",
      "start": 3.119999885559082,
      "end": 3.619999885559082
    },
    {
      "word": "like",
      "start": 3.619999885559082,
      "end": 3.9600000381469727
    },
    {
      "word": "the",
      "start": 3.9600000381469727,
      "end": 4.159999847412109
    },
    {
      "word": "UK",
      "start": 4.159999847412109,
      "end": 4.440000057220459
    },
    {
      "word": "because",
      "start": 4.440000057220459,
      "end": 5.179999828338623
    },
    {
      "word": "we",
      "start": 5.179999828338623,
      "end": 5.460000038146973
    },
    {
      "word": "are",
      "start": 5.460000038146973,
      "end": 5.760000228881836
    },
    {
      "word": "a",
      "start": 5.760000228881836,
      "end": 6.28000020980835
    },
    {
      "word": "tolerant",
      "start": 6.28000020980835,
      "end": 6.659999847412109
    },
    {
      "word": "society",
      "start": 6.659999847412109,
      "end": 7.320000171661377
    },
    {
      "word": "We",
      "start": 7.840000152587891,
      "end": 7.840000152587891
    },
    {
      "word": "work",
      "start": 7.840000152587891,
      "end": 8.199999809265137
    },
    {
      "word": "against",
      "start": 8.199999809265137,
      "end": 8.9399995803833
    },
    {
      "word": "prejudice",
      "start": 8.9399995803833,
      "end": 9.720000267028809
    },
    {
      "word": "or",
      "start": 9.880000114440918,
      "end": 10.319999694824219
    },
    {
      "word": "we",
      "start": 10.319999694824219,
      "end": 10.520000457763672
    },
    {
      "word": "try",
      "start": 10.520000457763672,
      "end": 10.739999771118164
    },
    {
      "word": "to",
      "start": 10.739999771118164,
      "end": 11.079999923706055
    },
    {
      "word": "But",
      "start": 11.140000343322754,
      "end": 11.380000114440918
    },
    {
      "word": "did",
      "start": 11.380000114440918,
      "end": 11.539999961853027
    },
    {
      "word": "you",
      "start": 11.539999961853027,
      "end": 11.739999771118164
    },
    {
      "word": "know",
      "start": 11.739999771118164,
      "end": 11.899999618530273
    },
    {
      "word": "that",
      "start": 11.899999618530273,
      "end": 12.279999732971191
    },
    {
      "word": "native",
      "start": 12.279999732971191,
      "end": 12.539999961853027
    },
    {
      "word": "English",
      "start": 12.539999961853027,
      "end": 13.020000457763672
    },
    {
      "word": "speakers",
      "start": 13.020000457763672,
      "end": 13.460000038146973
    },
    {
      "word": "struggle",
      "start": 13.460000038146973,
      "end": 14.180000305175781
    },
    {
      "word": "with",
      "start": 14.180000305175781,
      "end": 14.520000457763672
    },
    {
      "word": "their",
      "start": 14.520000457763672,
      "end": 14.779999732971191
    },
    {
      "word": "own",
      "start": 14.779999732971191,
      "end": 15.4399995803833
    },
    {
      "word": "language",
      "start": 15.4399995803833,
      "end": 15.819999694824219
    },
    {
      "word": "around",
      "start": 15.819999694824219,
      "end": 16.65999984741211
    },
    {
      "word": "this",
      "start": 16.65999984741211,
      "end": 16.979999542236328
    },
    {
      "word": "topic",
      "start": 16.979999542236328,
      "end": 17.280000686645508
    },
    {
      "word": "Well",
      "start": 17.559999465942383,
      "end": 17.8799991607666
    },
    {
      "word": "it's",
      "start": 17.8799991607666,
      "end": 18.1200008392334
    },
    {
      "word": "true",
      "start": 18.1200008392334,
      "end": 18.420000076293945
    },
    {
      "word": "Today",
      "start": 19.020000457763672,
      "end": 19.280000686645508
    },
    {
      "word": "let's",
      "start": 19.280000686645508,
      "end": 19.719999313354492
    },
    {
      "word": "talk",
      "start": 19.719999313354492,
      "end": 19.979999542236328
    },
    {
      "word": "about",
      "start": 19.979999542236328,
      "end": 19.979999542236328
    }
  ]
}